{
  "chat": [
    {
      "message": "あめんぼあかいなあいうえお",
      "timestamp": "MM/DD 00:00",
      "photoURL": "https://lh3.googleusercontent.com/a-/AOh14Gi4vkKYlfrbJ0QLJTg_DLjcYyyK7fYoWRpz2r4s=s96-c",
      "displayName": "User one"
    },
    {
      "message": "あめんぼあかいなあいうえお",
      "timestamp": "MM/DD 00:00",
      "photoURL": "https://lh3.googleusercontent.com/a-/AOh14Gi4vkKYlfrbJ0QLJTg_DLjcYyyK7fYoWRpz2r4s=s96-c",
      "displayName": "User one"
    },
    {
      "message": "あめんぼあかいなあいうえお",
      "timestamp": "MM/DD 00:00",
      "photoURL": "https://lh3.googleusercontent.com/a-/AOh14Gi4vkKYlfrbJ0QLJTg_DLjcYyyK7fYoWRpz2r4s=s96-c",
      "displayName": "User one"
    },
    {
      "message": "あめんぼあかいなあいうえお",
      "timestamp": "MM/DD 00:00",
      "photoURL": "https://lh3.googleusercontent.com/a-/AOh14Gi4vkKYlfrbJ0QLJTg_DLjcYyyK7fYoWRpz2r4s=s96-c",
      "displayName": "User one"
    }
  ]
}
